scenario,mode,anomalyRate,seed,energyConsumed,averageEnergyConsumed,remainingEnergy,packetsGenerated,packetsOffered,packetsTransmitted,packetsReceived,packetLoss,pdr,averageDelay,throughput,anomaliesGenerated,anomaliesReceived,anomalyDeliveryRatio,anomalyDelay,txFrames,rxFrames,retransmissions,initialEnergy,initialEnergyTotal
wban,baseline,0,1,0.121751,0.0202918,59.8782,290,290,290,288,2,0.993103,0.002974,1228.8,0,0,0,0,290,1438,0,10,60
wban,baseline,0,2,0.122613,0.0204355,59.8774,290,290,290,290,0,1,0.00302367,1237.33,0,0,0,0,290,1450,0,10,60
wban,baseline,0,3,0.122613,0.0204355,59.8774,290,290,290,290,0,1,0.00304309,1237.33,0,0,0,0,290,1450,0,10,60
wban,baseline,0.05,1,0.121751,0.0202918,59.8782,290,290,290,288,2,0.993103,0.002974,1228.8,14,14,1,0.00296229,290,1438,0,10,60
wban,baseline,0.05,2,0.122613,0.0204355,59.8774,290,290,290,290,0,1,0.00302367,1237.33,10,10,1,0.003008,290,1450,0,10,60
wban,baseline,0.05,3,0.122613,0.0204355,59.8774,290,290,290,290,0,1,0.00304309,1237.33,15,15,1,0.00338134,290,1450,0,10,60
wban,baseline,0.1,1,0.121751,0.0202918,59.8782,290,290,290,288,2,0.993103,0.002974,1228.8,27,27,1,0.00313245,290,1438,0,10,60
wban,baseline,0.1,2,0.122613,0.0204355,59.8774,290,290,290,290,0,1,0.00302367,1237.33,28,28,1,0.003008,290,1450,0,10,60
wban,baseline,0.1,3,0.122613,0.0204355,59.8774,290,290,290,290,0,1,0.00304309,1237.33,30,30,1,0.00322134,290,1450,0,10,60
wban,baseline,0.2,1,0.121751,0.0202918,59.8782,290,290,290,288,2,0.993103,0.002974,1228.8,63,62,0.984127,0.00309058,290,1438,0,10,60
wban,baseline,0.2,2,0.122613,0.0204355,59.8774,290,290,290,290,0,1,0.00302367,1237.33,55,55,1,0.00295273,290,1450,0,10,60
wban,baseline,0.2,3,0.122613,0.0204355,59.8774,290,290,290,290,0,1,0.00304309,1237.33,57,57,1,0.00312309,290,1450,0,10,60
wban,baseline,0.3,1,0.121751,0.0202918,59.8782,290,290,290,288,2,0.993103,0.002974,1228.8,83,82,0.987952,0.00303922,290,1438,0,10,60
wban,baseline,0.3,2,0.122613,0.0204355,59.8774,290,290,290,290,0,1,0.00302367,1237.33,84,84,1,0.00300419,290,1450,0,10,60
wban,baseline,0.3,3,0.122613,0.0204355,59.8774,290,290,290,290,0,1,0.00304309,1237.33,89,89,1,0.00304216,290,1450,0,10,60
wban,proposed,0,1,0.0312874,0.00521457,59.9687,290,74,74,74,0,1,0.00299503,315.733,0,0,0,0,74,370,0,10,60
wban,proposed,0,2,0.0312874,0.00521457,59.9687,290,74,74,74,0,1,0.00303827,315.733,0,0,0,0,74,370,0,10,60
wban,proposed,0,3,0.0312874,0.00521457,59.9687,290,74,74,74,0,1,0.00293449,315.733,0,0,0,0,74,370,0,10,60
wban,proposed,0.05,1,0.0410119,0.00683532,59.959,290,83,83,83,0,1,0.00303306,354.133,14,14,1,0.00282514,97,485,14,10,60
wban,proposed,0.05,2,0.0388979,0.00648298,59.9611,290,82,82,82,0,1,0.00314615,349.867,10,10,1,0.0036928,92,460,10,10,60
wban,proposed,0.05,3,0.0422803,0.00704672,59.9577,290,85,85,85,0,1,0.00294965,362.667,15,15,1,0.00295467,100,500,15,10,60
wban,proposed,0.1,1,0.051582,0.008597,59.9484,290,95,95,95,0,1,0.00310872,405.333,27,27,1,0.00288356,122,610,27,10,60
wban,proposed,0.1,2,0.0524276,0.00873793,59.9476,290,96,96,96,0,1,0.003084,409.6,28,28,1,0.00315429,124,620,28,10,60
wban,proposed,0.1,3,0.053696,0.00894933,59.9463,290,97,97,97,0,1,0.00297996,413.867,30,30,1,0.00279467,127,635,30,10,60
wban,proposed,0.2,1,0.0777958,0.012966,59.9222,290,121,121,121,0,1,0.00300668,516.267,63,63,1,0.00306134,184,920,63,10,60
wban,proposed,0.2,2,0.073145,0.0121908,59.9269,290,118,118,118,0,1,0.00300366,503.467,55,55,1,0.00292015,173,865,55,10,60
wban,proposed,0.2,3,0.0739906,0.0123318,59.926,290,118,118,118,0,1,0.0029619,503.467,57,57,1,0.0028873,175,875,57,10,60
wban,proposed,0.3,1,0.0934395,0.0155733,59.9066,290,138,138,138,0,1,0.00305994,588.8,83,83,1,0.0030986,221,1105,83,10,60
wban,proposed,0.3,2,0.0938623,0.0156437,59.9061,290,138,138,138,0,1,0.00303676,588.8,84,84,1,0.00305372,222,1110,84,10,60
wban,proposed,0.3,3,0.0959763,0.0159961,59.904,290,138,138,138,0,1,0.00309009,588.8,89,89,1,0.00307452,227,1135,89,10,60
