time_s,mode,sensorId,sensorType,sequence,reading,anomaly,transmitted
0.200000,proposed,0,ECG,1,83.205376,0,1
0.310000,proposed,1,SpO2,1,96.717167,0,1
0.420000,proposed,2,Temperature,1,37.006611,0,1
0.530000,proposed,3,BloodPressure,1,166.695910,1,1
0.640000,proposed,4,Motion,1,1.126988,0,1
1.213000,proposed,0,ECG,2,81.778003,0,0
1.336000,proposed,1,SpO2,2,88.693244,1,1
1.459000,proposed,2,Temperature,2,39.706385,1,1
1.582000,proposed,3,BloodPressure,2,125.883448,0,0
1.705000,proposed,4,Motion,2,4.228877,1,1
2.226000,proposed,0,ECG,3,141.136177,1,1
2.362000,proposed,1,SpO2,3,96.642154,0,0
2.498000,proposed,2,Temperature,3,36.687954,0,0
2.634000,proposed,3,BloodPressure,3,112.576756,0,0
2.770000,proposed,4,Motion,3,1.261215,0,0
3.239000,proposed,0,ECG,4,74.001944,0,0
3.388000,proposed,1,SpO2,4,95.507290,0,0
3.537000,proposed,2,Temperature,4,36.204777,0,0
3.686000,proposed,3,BloodPressure,4,123.804692,0,0
3.835000,proposed,4,Motion,4,0.937649,0,0
4.252000,proposed,0,ECG,5,141.165175,1,1
4.414000,proposed,1,SpO2,5,95.705752,0,1
4.576000,proposed,2,Temperature,5,36.579500,0,1
4.738000,proposed,3,BloodPressure,5,111.687633,0,1
4.900000,proposed,4,Motion,5,0.515653,0,1
5.265000,proposed,0,ECG,6,76.120687,0,0
5.440000,proposed,1,SpO2,6,97.109541,0,0
5.615000,proposed,2,Temperature,6,38.849624,1,1
5.790000,proposed,3,BloodPressure,6,120.860279,0,0
5.965000,proposed,4,Motion,6,1.123637,0,0
6.278000,proposed,0,ECG,7,66.800406,0,0
6.466000,proposed,1,SpO2,7,85.741955,1,1
6.654000,proposed,2,Temperature,7,36.914287,0,0
6.842000,proposed,3,BloodPressure,7,111.214305,0,0
7.030000,proposed,4,Motion,7,5.192731,1,1
7.291000,proposed,0,ECG,8,90.733434,0,0
7.492000,proposed,1,SpO2,8,99.132244,0,0
7.693000,proposed,2,Temperature,8,36.719760,0,0
7.894000,proposed,3,BloodPressure,8,127.777675,0,0
8.095000,proposed,4,Motion,8,0.481527,0,0
8.304000,proposed,0,ECG,9,78.482244,0,1
8.518000,proposed,1,SpO2,9,99.171607,0,1
8.732000,proposed,2,Temperature,9,37.054286,0,1
8.946000,proposed,3,BloodPressure,9,174.966017,1,1
9.160000,proposed,4,Motion,9,1.270900,0,1
9.317000,proposed,0,ECG,10,74.989906,0,0
9.544000,proposed,1,SpO2,10,95.724795,0,0
9.771000,proposed,2,Temperature,10,39.017851,1,1
9.998000,proposed,3,BloodPressure,10,116.614524,0,0
10.225000,proposed,4,Motion,10,0.815882,0,0
10.330000,proposed,0,ECG,11,148.423787,1,1
10.570000,proposed,1,SpO2,11,95.076303,0,0
10.810000,proposed,2,Temperature,11,37.052315,0,0
11.050000,proposed,3,BloodPressure,11,122.930337,0,0
11.290000,proposed,4,Motion,11,3.210068,1,1
11.343000,proposed,0,ECG,12,67.111931,0,0
11.596000,proposed,1,SpO2,12,96.258230,0,0
11.849000,proposed,2,Temperature,12,39.713679,1,1
12.102000,proposed,3,BloodPressure,12,128.565672,0,0
12.355000,proposed,4,Motion,12,4.583237,1,1
12.356000,proposed,0,ECG,13,72.568885,0,1
12.622000,proposed,1,SpO2,13,82.798868,1,1
12.888000,proposed,2,Temperature,13,37.156957,0,1
13.154000,proposed,3,BloodPressure,13,127.400613,0,1
13.369000,proposed,0,ECG,14,80.327522,0,0
13.420000,proposed,4,Motion,13,0.568425,0,1
13.648000,proposed,1,SpO2,14,89.124155,1,1
13.927000,proposed,2,Temperature,14,39.583552,1,1
14.206000,proposed,3,BloodPressure,14,128.698316,0,0
14.382000,proposed,0,ECG,15,89.242238,0,0
14.485000,proposed,4,Motion,14,1.366650,0,0
14.674000,proposed,1,SpO2,15,89.932200,1,1
14.966000,proposed,2,Temperature,15,36.376523,0,0
15.258000,proposed,3,BloodPressure,15,169.938512,1,1
15.395000,proposed,0,ECG,16,79.064953,0,0
15.550000,proposed,4,Motion,15,0.822792,0,0
15.700000,proposed,1,SpO2,16,95.831127,0,0
16.005000,proposed,2,Temperature,16,37.078291,0,0
16.310000,proposed,3,BloodPressure,16,168.235760,1,1
16.408000,proposed,0,ECG,17,75.959925,0,1
16.615000,proposed,4,Motion,16,0.920413,0,0
16.726000,proposed,1,SpO2,17,96.537268,0,1
17.044000,proposed,2,Temperature,17,37.126069,0,1
17.362000,proposed,3,BloodPressure,17,124.132982,0,1
17.421000,proposed,0,ECG,18,81.400932,0,0
17.680000,proposed,4,Motion,17,4.157247,1,1
17.752000,proposed,1,SpO2,18,98.504954,0,0
18.083000,proposed,2,Temperature,18,39.513695,1,1
18.414000,proposed,3,BloodPressure,18,127.450494,0,0
18.434000,proposed,0,ECG,19,150.900402,1,1
18.745000,proposed,4,Motion,18,4.125804,1,1
18.778000,proposed,1,SpO2,19,95.757281,0,0
19.122000,proposed,2,Temperature,19,36.360914,0,0
19.447000,proposed,0,ECG,20,68.826709,0,0
19.466000,proposed,3,BloodPressure,19,122.857241,0,0
19.804000,proposed,1,SpO2,20,89.163173,1,1
19.810000,proposed,4,Motion,19,0.115318,0,0
20.161000,proposed,2,Temperature,20,36.225068,0,0
20.460000,proposed,0,ECG,21,88.075190,0,1
20.518000,proposed,3,BloodPressure,20,164.434490,1,1
20.830000,proposed,1,SpO2,21,95.177806,0,1
20.875000,proposed,4,Motion,20,0.466808,0,0
21.200000,proposed,2,Temperature,21,36.492973,0,1
21.473000,proposed,0,ECG,22,86.579773,0,0
21.570000,proposed,3,BloodPressure,21,114.472332,0,1
21.856000,proposed,1,SpO2,22,85.896901,1,1
21.940000,proposed,4,Motion,21,0.833761,0,1
22.239000,proposed,2,Temperature,22,37.020905,0,0
22.486000,proposed,0,ECG,23,143.689974,1,1
22.622000,proposed,3,BloodPressure,22,121.738478,0,0
22.882000,proposed,1,SpO2,23,97.937574,0,0
23.005000,proposed,4,Motion,22,0.169193,0,0
23.278000,proposed,2,Temperature,23,38.851739,1,1
23.499000,proposed,0,ECG,24,94.411905,0,0
23.674000,proposed,3,BloodPressure,23,161.075705,1,1
23.908000,proposed,1,SpO2,24,82.598445,1,1
24.070000,proposed,4,Motion,23,3.519242,1,1
24.317000,proposed,2,Temperature,24,36.486835,0,0
24.512000,proposed,0,ECG,25,89.646767,0,1
24.726000,proposed,3,BloodPressure,24,169.890914,1,1
24.934000,proposed,1,SpO2,25,97.164306,0,1
25.135000,proposed,4,Motion,24,1.225164,0,0
25.356000,proposed,2,Temperature,25,39.177378,1,1
25.525000,proposed,0,ECG,26,142.468864,1,1
25.778000,proposed,3,BloodPressure,25,166.807728,1,1
25.960000,proposed,1,SpO2,26,95.096727,0,0
26.200000,proposed,4,Motion,25,0.986884,0,1
26.395000,proposed,2,Temperature,26,36.620032,0,0
26.538000,proposed,0,ECG,27,84.575417,0,0
26.830000,proposed,3,BloodPressure,26,117.997512,0,0
26.986000,proposed,1,SpO2,27,96.232579,0,0
27.265000,proposed,4,Motion,26,1.442062,0,0
27.434000,proposed,2,Temperature,27,36.949704,0,0
27.551000,proposed,0,ECG,28,72.086169,0,0
27.882000,proposed,3,BloodPressure,27,109.220615,0,0
28.012000,proposed,1,SpO2,28,99.426664,0,0
28.330000,proposed,4,Motion,27,3.993339,1,1
28.473000,proposed,2,Temperature,28,39.138722,1,1
28.564000,proposed,0,ECG,29,93.896286,0,1
28.934000,proposed,3,BloodPressure,28,116.194795,0,0
29.038000,proposed,1,SpO2,29,98.337785,0,1
29.395000,proposed,4,Motion,28,1.711603,0,0
29.512000,proposed,2,Temperature,29,39.599705,1,1
29.577000,proposed,0,ECG,30,148.029459,1,1
29.986000,proposed,3,BloodPressure,29,163.303318,1,1
30.064000,proposed,1,SpO2,30,98.299435,0,0
30.460000,proposed,4,Motion,29,1.792728,0,1
30.551000,proposed,2,Temperature,30,36.948089,0,0
30.590000,proposed,0,ECG,31,76.034133,0,0
31.038000,proposed,3,BloodPressure,30,121.697274,0,0
31.090000,proposed,1,SpO2,31,98.788711,0,0
31.525000,proposed,4,Motion,30,0.149214,0,0
31.590000,proposed,2,Temperature,31,36.349791,0,0
31.603000,proposed,0,ECG,32,137.820794,1,1
32.090000,proposed,3,BloodPressure,31,116.182533,0,0
32.116000,proposed,1,SpO2,32,88.559790,1,1
32.590000,proposed,4,Motion,31,1.627224,0,0
32.616000,proposed,0,ECG,33,76.467347,0,1
32.629000,proposed,2,Temperature,32,38.805650,1,1
33.142000,proposed,3,BloodPressure,32,127.642993,0,0
33.142000,proposed,1,SpO2,33,99.163685,0,1
33.629000,proposed,0,ECG,34,82.763107,0,0
33.655000,proposed,4,Motion,32,1.288935,0,0
33.668000,proposed,2,Temperature,33,38.775903,1,1
34.168000,proposed,1,SpO2,34,83.808650,1,1
34.194000,proposed,3,BloodPressure,33,172.965872,1,1
34.642000,proposed,0,ECG,35,92.524193,0,0
34.707000,proposed,2,Temperature,34,37.035639,0,0
34.720000,proposed,4,Motion,33,0.132108,0,1
35.194000,proposed,1,SpO2,35,95.341925,0,0
35.246000,proposed,3,BloodPressure,34,155.316506,1,1
35.655000,proposed,0,ECG,36,72.946868,0,0
35.746000,proposed,2,Temperature,35,37.157203,0,0
35.785000,proposed,4,Motion,34,0.155794,0,0
36.220000,proposed,1,SpO2,36,82.587895,1,1
36.298000,proposed,3,BloodPressure,35,129.768514,0,0
36.668000,proposed,0,ECG,37,88.780092,0,1
36.785000,proposed,2,Temperature,36,36.712332,0,0
36.850000,proposed,4,Motion,35,3.336708,1,1
37.246000,proposed,1,SpO2,37,98.511185,0,1
37.350000,proposed,3,BloodPressure,36,106.740437,0,0
37.681000,proposed,0,ECG,38,65.642028,0,0
37.824000,proposed,2,Temperature,37,37.144196,0,1
37.915000,proposed,4,Motion,36,0.983179,0,0
38.272000,proposed,1,SpO2,38,96.967100,0,0
38.402000,proposed,3,BloodPressure,37,105.092470,0,1
38.694000,proposed,0,ECG,39,148.889391,1,1
38.863000,proposed,2,Temperature,38,38.971278,1,1
38.980000,proposed,4,Motion,37,0.205497,0,1
39.298000,proposed,1,SpO2,39,97.022934,0,0
39.454000,proposed,3,BloodPressure,38,165.638879,1,1
39.707000,proposed,0,ECG,40,90.118230,0,0
39.902000,proposed,2,Temperature,39,36.226641,0,0
40.045000,proposed,4,Motion,38,1.298939,0,0
40.324000,proposed,1,SpO2,40,86.188149,1,1
40.506000,proposed,3,BloodPressure,39,105.103158,0,0
40.720000,proposed,0,ECG,41,84.449723,0,1
40.941000,proposed,2,Temperature,40,36.790092,0,0
41.110000,proposed,4,Motion,39,1.661881,0,0
41.350000,proposed,1,SpO2,41,99.481565,0,1
41.558000,proposed,3,BloodPressure,40,121.872134,0,0
41.733000,proposed,0,ECG,42,84.764933,0,0
41.980000,proposed,2,Temperature,41,36.625858,0,1
42.175000,proposed,4,Motion,40,0.477750,0,0
42.376000,proposed,1,SpO2,42,85.561787,1,1
42.610000,proposed,3,BloodPressure,41,114.033831,0,1
42.746000,proposed,0,ECG,43,65.998405,0,0
43.019000,proposed,2,Temperature,42,37.143347,0,0
43.240000,proposed,4,Motion,41,1.548839,0,1
43.402000,proposed,1,SpO2,43,95.512326,0,0
43.662000,proposed,3,BloodPressure,42,123.225007,0,0
43.759000,proposed,0,ECG,44,138.280099,1,1
44.058000,proposed,2,Temperature,43,36.879092,0,0
44.305000,proposed,4,Motion,42,4.356105,1,1
44.428000,proposed,1,SpO2,44,98.368359,0,0
44.714000,proposed,3,BloodPressure,43,112.595572,0,0
44.772000,proposed,0,ECG,45,137.396744,1,1
45.097000,proposed,2,Temperature,44,38.708785,1,1
45.370000,proposed,4,Motion,43,4.460709,1,1
45.454000,proposed,1,SpO2,45,95.406634,0,1
45.766000,proposed,3,BloodPressure,44,116.424168,0,0
45.785000,proposed,0,ECG,46,89.606160,0,0
46.136000,proposed,2,Temperature,45,39.883376,1,1
46.435000,proposed,4,Motion,44,3.878189,1,1
46.480000,proposed,1,SpO2,46,97.552667,0,0
46.798000,proposed,0,ECG,47,94.610132,0,0
46.818000,proposed,3,BloodPressure,45,108.030771,0,1
47.175000,proposed,2,Temperature,46,36.424926,0,0
47.500000,proposed,4,Motion,45,1.768920,0,1
47.506000,proposed,1,SpO2,47,96.486128,0,0
47.811000,proposed,0,ECG,48,68.793883,0,0
47.870000,proposed,3,BloodPressure,46,163.703748,1,1
48.214000,proposed,2,Temperature,47,39.496832,1,1
48.532000,proposed,1,SpO2,48,98.408074,0,0
48.565000,proposed,4,Motion,46,0.662496,0,0
48.824000,proposed,0,ECG,49,146.190926,1,1
48.922000,proposed,3,BloodPressure,47,127.708667,0,0
49.253000,proposed,2,Temperature,48,36.547660,0,0
49.558000,proposed,1,SpO2,49,97.543199,0,1
49.630000,proposed,4,Motion,47,0.482693,0,0
49.837000,proposed,0,ECG,50,142.621048,1,1
49.974000,proposed,3,BloodPressure,48,107.637208,0,0
50.292000,proposed,2,Temperature,49,36.851617,0,1
50.584000,proposed,1,SpO2,50,96.558242,0,0
50.695000,proposed,4,Motion,48,1.190263,0,0
50.850000,proposed,0,ECG,51,75.448173,0,0
51.026000,proposed,3,BloodPressure,49,115.061527,0,1
51.331000,proposed,2,Temperature,50,37.171384,0,0
51.610000,proposed,1,SpO2,51,97.643461,0,0
51.760000,proposed,4,Motion,49,4.088604,1,1
51.863000,proposed,0,ECG,52,152.277120,1,1
52.078000,proposed,3,BloodPressure,50,127.756114,0,0
52.370000,proposed,2,Temperature,51,39.201896,1,1
52.636000,proposed,1,SpO2,52,97.795118,0,0
52.825000,proposed,4,Motion,50,0.741946,0,0
52.876000,proposed,0,ECG,53,84.047343,0,1
53.130000,proposed,3,BloodPressure,51,161.052195,1,1
53.409000,proposed,2,Temperature,52,36.634057,0,0
53.662000,proposed,1,SpO2,53,97.285472,0,1
53.889000,proposed,0,ECG,54,69.755159,0,0
53.890000,proposed,4,Motion,51,4.614786,1,1
54.182000,proposed,3,BloodPressure,52,124.566859,0,0
54.448000,proposed,2,Temperature,53,37.175216,0,1
54.688000,proposed,1,SpO2,54,95.233671,0,0
54.902000,proposed,0,ECG,55,147.096271,1,1
54.955000,proposed,4,Motion,52,4.058810,1,1
55.234000,proposed,3,BloodPressure,53,157.371433,1,1
55.487000,proposed,2,Temperature,54,36.784466,0,0
55.714000,proposed,1,SpO2,55,96.314845,0,0
55.915000,proposed,0,ECG,56,88.563220,0,0
56.020000,proposed,4,Motion,53,0.351957,0,1
56.286000,proposed,3,BloodPressure,54,105.741582,0,0
56.526000,proposed,2,Temperature,55,36.993204,0,0
56.740000,proposed,1,SpO2,56,82.702327,1,1
56.928000,proposed,0,ECG,57,137.592330,1,1
57.085000,proposed,4,Motion,54,0.752660,0,0
57.338000,proposed,3,BloodPressure,55,121.125490,0,0
57.565000,proposed,2,Temperature,56,36.997874,0,0
57.766000,proposed,1,SpO2,57,88.970443,1,1
57.941000,proposed,0,ECG,58,93.195046,0,0
58.150000,proposed,4,Motion,55,4.828000,1,1
58.390000,proposed,3,BloodPressure,56,118.776935,0,0
58.604000,proposed,2,Temperature,57,39.354123,1,1
58.792000,proposed,1,SpO2,58,83.447749,1,1
58.954000,proposed,0,ECG,59,148.640443,1,1
59.215000,proposed,4,Motion,56,0.079172,0,0
59.442000,proposed,3,BloodPressure,57,118.359281,0,1
59.643000,proposed,2,Temperature,58,36.848981,0,0
59.818000,proposed,1,SpO2,59,89.598926,1,1
59.967000,proposed,0,ECG,60,92.489171,0,0
